Experiment,Year,TestingDate,Species,Genotype,SpecimenID,PlotNumber,PlantNumber,PlantAge,TissueType,Operator,RootSampleNumber,Whorl.or.Internode_Number,Vertical.Specimen.Diameter,Horizontal.Specimen.Diameter,Specimen.Length,line_raw_slope_N.mm,raw_data_file,Notes
NSF-BMMB,2024,7/16/24,Maize,B73,1,355,1,57 dap,Stalk,Irene,,,19.2,22.75,300,19.488231,Week 8 Stalk Bending moduli_1.csv,
NSF-BMMB,2024,7/16/24,Maize,B73,2,355,2,57 dap,Stalk,Irene,,,17.34,20.49,300,15.438993,Week 8 Stalk Bending moduli_1.csv,
NSF-BMMB,2024,7/16/24,Maize,B73,3,355,3,57 dap,Stalk,Irene,,,18.03,20.65,300,17.055628,Week 8 Stalk Bending moduli_1.csv,
NSF-BMMB,2024,7/16/24,Maize,B73,4,355,4,57 dap,Stalk,Irene,,,18.75,22.43,300,17.654832,Week 8 Stalk Bending moduli_1.csv,node
NSF-BMMB,2024,7/16/24,Maize,B73,5,355,5,57 dap,Stalk,Irene,,,16.61,19.2,300,14.2367601,Week 8 Stalk Bending moduli_1.csv,
NSF-BMMB,2024,7/16/24,Maize,B73,6,355,6,57 dap,Stalk,Irene,,,17.11,21.04,300,9.294275,Week 8 Stalk Bending moduli_1.csv,node
NSF-BMMB,2024,7/16/24,Maize,B73,7,355,7,57 dap,Stalk,Irene,,,14.48,17.58,300,1.3040011,Week 8 Stalk Bending moduli_1.csv,node
NSF-BMMB,2024,7/16/24,Maize,B73,8,355,8,57 dap,Stalk,Irene,,,17.36,21.3,300,13.509128,Week 8 Stalk Bending moduli_1.csv,node
NSF-BMMB,2024,7/16/24,Maize,B73,9,355,9,57 dap,Stalk,Irene,,,17.2,20.1,300,17.34199,Week 8 Stalk Bending moduli_1.csv,
NSF-BMMB,2024,7/16/24,Maize,B73,10,355,10,57 dap,Stalk,Irene,,,16.88,20.57,300,14.400673,Week 8 Stalk Bending moduli_1.csv,
NSF-BMMB,2024,7/16/24,Maize,B73,11,355,11,57 dap,Stalk,Irene,,,18.89,22.98,300,19.749972,Week 8 Stalk Bending moduli_1.csv,
NSF-BMMB,2024,7/16/24,Maize,B73,12,355,12,57 dap,Stalk,Irene,,,20,23.54,300,21.796369,Week 8 Stalk Bending moduli_1.csv,
NSF-BMMB,2024,7/16/24,Maize,Mo17,13,438,1,57 dap,Stalk,Irene,,,15.52,19.49,300,13.0116099,Week 8 Stalk Bending moduli_1.csv,
NSF-BMMB,2024,7/16/24,Maize,Mo17,14,438,2,57 dap,Stalk,Irene,,,15.24,19.93,300,11.151954,Week 8 Stalk Bending moduli_1.csv,
NSF-BMMB,2024,7/16/24,Maize,Mo17,15,438,3,57 dap,Stalk,Irene,,,15.08,18.96,300,12.679135,Week 8 Stalk Bending moduli_1.csv,
NSF-BMMB,2024,7/16/24,Maize,Mo17,16,438,4,57 dap,Stalk,Irene,,,12.64,15.52,300,3.2374437,Week 8 Stalk Bending moduli_1.csv,
NSF-BMMB,2024,7/16/24,Maize,Mo17,17,438,5,57 dap,Stalk,Irene,,,14.79,19.14,300,11.67349,Week 8 Stalk Bending moduli_1.csv,
NSF-BMMB,2024,7/16/24,Maize,Mo17,18,438,6,57 dap,Stalk,Irene,,,15.26,20.22,300,14.9155091,Week 8 Stalk Bending moduli_1.csv,
NSF-BMMB,2024,7/16/24,Maize,Mo17,19,438,7,57 dap,Stalk,Irene,,,14.64,18.53,300,11.2060069,Week 8 Stalk Bending moduli_1.csv,
NSF-BMMB,2024,7/16/24,Maize,Mo17,20,438,8,57 dap,Stalk,Irene,,,16.78,20.4,300,16.5991081,Week 8 Stalk Bending moduli_1.csv,
NSF-BMMB,2024,7/16/24,Maize,Mo17,21,438,9,57 dap,Stalk,Irene,,,16.97,22.56,300,15.152678,Week 8 Stalk Bending moduli_1.csv,node
NSF-BMMB,2024,7/16/24,Maize,Mo17,22,438,10,57 dap,Stalk,Irene,,,13.26,16.25,300,5.3054147,Week 8 Stalk Bending moduli_1.csv,node
NSF-BMMB,2024,7/16/24,Maize,Mo17,23,438,11,57 dap,Stalk,Irene,,,10.68,15.38,300,0.2416679,Week 8 Stalk Bending moduli_1.csv,
NSF-BMMB,2024,7/17/24,Maize,Mo17,24,440,1,58 dap,Stalk,Irene,,,16.98,21.19,300,19.1496516,Week 8 Stalk Bending moduli_1.csv,
NSF-BMMB,2024,7/17/24,Maize,Mo17,25,440,2,58 dap,Stalk,Irene,,,16.48,20.86,300,16.5265269,Week 8 Stalk Bending moduli_1.csv,
NSF-BMMB,2024,7/17/24,Maize,Mo17,26,440,3,58 dap,Stalk,Irene,,,14.52,17.73,300,9.1843654,Week 8 Stalk Bending moduli_1.csv,
NSF-BMMB,2024,7/17/24,Maize,Mo17,27,440,4,58 dap,Stalk,Irene,,,15.53,20.03,300,15.1707888,Week 8 Stalk Bending moduli_1.csv,
NSF-BMMB,2024,7/17/24,Maize,Mo17,28,440,5,58 dap,Stalk,Irene,,,15.28,19.04,300,13.3866776,Week 8 Stalk Bending moduli_1.csv,
NSF-BMMB,2024,7/17/24,Maize,Mo17,29,440,6,58 dap,Stalk,Irene,,,16.77,20.78,300,11.7687393,Week 8 Stalk Bending moduli_1.csv,node
NSF-BMMB,2024,7/17/24,Maize,Mo17,30,440,7,58 dap,Stalk,Irene,,,15.64,20.45,300,15.018074,Week 8 Stalk Bending moduli_1.csv,
NSF-BMMB,2024,7/17/24,Maize,Mo17,31,440,8,58 dap,Stalk,Irene,,,13.07,15.29,300,4.6965589,Week 8 Stalk Bending moduli_1.csv,node
NSF-BMMB,2024,7/17/24,Maize,Mo17,32,440,9,58 dap,Stalk,Irene,,,16.19,20.66,300,19.1101584,Week 8 Stalk Bending moduli_1.csv,
NSF-BMMB,2024,7/17/24,Maize,Mo17,33,440,10,58 dap,Stalk,Irene,,,15.11,19.7,300,13.780006,Week 8 Stalk Bending moduli_1.csv,
NSF-BMMB,2024,7/17/24,Maize,B73,34,353,1,58 dap,Stalk,Irene,,,20.1,24.35,300,26.0462975,Week 8 Stalk Bending moduli_1.csv,
NSF-BMMB,2024,7/17/24,Maize,B73,35,353,2,58 dap,Stalk,Irene,,,19.5,21.96,300,26.3927744,Week 8 Stalk Bending moduli_1.csv,
NSF-BMMB,2024,7/17/24,Maize,B73,36,353,3,58 dap,Stalk,Irene,,,19.35,23.91,300,24.5361531,Week 8 Stalk Bending moduli_1.csv,
NSF-BMMB,2024,7/17/24,Maize,B73,37,353,4,58 dap,Stalk,Irene,,,19.21,22.53,300,22.8777308,Week 8 Stalk Bending moduli_1.csv,
NSF-BMMB,2024,7/17/24,Maize,B73,38,353,5,58 dap,Stalk,Irene,,,17.7,20.84,300,19.292823,Week 8 Stalk Bending moduli_1.csv,
NSF-BMMB,2024,7/17/24,Maize,B73,39,353,6,58 dap,Stalk,Irene,,,18.61,22.07,300,24.0620362,Week 8 Stalk Bending moduli_1.csv,
NSF-BMMB,2024,7/17/24,Maize,B73,40,353,7,58 dap,Stalk,Irene,,,19.14,21.66,300,23.7256714,Week 8 Stalk Bending moduli_1.csv,
NSF-BMMB,2024,7/17/24,Maize,B73,41,353,8,58 dap,Stalk,Irene,,,17.32,20.06,300,18.7935719,Week 8 Stalk Bending moduli_1.csv,
NSF-BMMB,2024,7/17/24,Maize,B73,42,353,9,58 dap,Stalk,Irene,,,20.16,22.94,300,27.119051,Week 8 Stalk Bending moduli_1.csv,
NSF-BMMB,2024,7/22/24,Maize,B73,1,351,6,63 dap (R1),Stalk,Irene,,,19.4,22.69,300,35.20308,Week 9 stalk bending moduli_1.csv,
NSF-BMMB,2024,7/22/24,Maize,CML258,10,222,4,63 dap,Stalk,Irene,,,21.39,24.34,300,22.937725,Week 9 stalk bending moduli_1.csv,
NSF-BMMB,2024,7/22/24,Maize,CML258,11,222,7,63 dap,Stalk,Irene,,,18.25,20.58,300,14.194461,Week 9 stalk bending moduli_1.csv,
NSF-BMMB,2024,7/22/24,Maize,CML258,12,222,8,63 dap,Stalk,Irene,,,22.41,26.7,300,29.51953,Week 9 stalk bending moduli_1.csv,
NSF-BMMB,2024,7/22/24,Maize,CML258,13,222,9,63 dap,Stalk,Irene,,,22.3,26.68,300,32.9829641,Week 9 stalk bending moduli_1.csv,
NSF-BMMB,2024,7/22/24,Maize,CML258,14,222,10,63 dap,Stalk,Irene,,,23.52,26.21,300,25.291057,Week 9 stalk bending moduli_1.csv,
NSF-BMMB,2024,7/22/24,Maize,CML258,15,224,4,63 dap,Stalk,Irene,,,21.2,24.05,300,18.226472,Week 9 stalk bending moduli_1.csv,
NSF-BMMB,2024,7/22/24,Maize,CML258,16,224,5,63 dap,Stalk,Irene,,,20.31,23.69,300,21.389126,Week 9 stalk bending moduli_1.csv,
NSF-BMMB,2024,7/22/24,Maize,CML258,17,224,7,63 dap,Stalk,Irene,,,20.27,22.62,300,19.367198,Week 9 stalk bending moduli_1.csv,
NSF-BMMB,2024,7/22/24,Maize,CML258,18,224,8,63 dap,Stalk,Irene,,,21.9,25.64,300,30.937717,Week 9 stalk bending moduli_1.csv,
NSF-BMMB,2024,7/22/24,Maize,CML258,19,224,9,63 dap,Stalk,Irene,,,20.44,22.04,300,19.07365,Week 9 stalk bending moduli_1.csv,
NSF-BMMB,2024,7/22/24,Maize,B73,2,351,2,63 dap (R1),Stalk,Irene,,,17.91,21.52,300,27.7003681,Week 9 stalk bending moduli_1.csv,
NSF-BMMB,2024,7/22/24,Maize,CML258,20,224,11,63 dap,Stalk,Irene,,,21.72,25.21,300,32.552751,Week 9 stalk bending moduli_1.csv,
NSF-BMMB,2024,7/24/24,Maize,B73,21,349,5,65 dap (R1),Stalk,Irene,,,22.44,26.92,300,43.3725,Week 9 stalk bending moduli_1.csv,
NSF-BMMB,2024,7/24/24,Maize,B73,22,349,8,65 dap (R1),Stalk,Irene,,,22.49,26.93,300,47.631999,Week 9 stalk bending moduli_1.csv,
NSF-BMMB,2024,7/24/24,Maize,B73,23,349,4,65 dap (R1),Stalk,Irene,,,18.63,22.07,300,26.7106,Week 9 stalk bending moduli_1.csv,
NSF-BMMB,2024,7/24/24,Maize,B73,24,349,6,65 dap (R1),Stalk,Irene,,,22.59,28.16,300,49.265534,Week 9 stalk bending moduli_1.csv,
NSF-BMMB,2024,7/24/24,Maize,B73,25,349,7,65 dap (R1),Stalk,Irene,,,22.01,26.9,300,46.877815,Week 9 stalk bending moduli_1.csv,
NSF-BMMB,2024,7/24/24,Maize,B73,26,349,2,65 dap (R1),Stalk,Irene,,,20.67,23.9,300,41.044467,Week 9 stalk bending moduli_1.csv,
NSF-BMMB,2024,7/24/24,Maize,Mo17,27,442,5,65 dap (R1),Stalk,Irene,,,19.05,24.26,300,33.907834,Week 9 stalk bending moduli_1.csv,
NSF-BMMB,2024,7/24/24,Maize,Mo17,28,442,7,65 dap (R1),Stalk,Irene,,,15.24,19.18,300,19.734943,Week 9 stalk bending moduli_1.csv,
NSF-BMMB,2024,7/24/24,Maize,Mo17,29,442,3,65 dap (R1),Stalk,Irene,,,15.56,20.36,300,14.6520881,Week 9 stalk bending moduli_1.csv,
NSF-BMMB,2024,7/22/24,Maize,B73,3,351,3,65 dap (R1),Stalk,Irene,,,19.91,22.32,300,31.88534,Week 9 stalk bending moduli_1.csv,
NSF-BMMB,2024,7/24/24,Maize,Mo17,30,442,6,65 dap (R1),Stalk,Irene,,,16.09,20.7,300,21.660971,Week 9 stalk bending moduli_1.csv,
NSF-BMMB,2024,7/24/24,Maize,Mo17,31,442,2,65 dap (R1),Stalk,Irene,,,15.82,20.03,300,25.48904,Week 9 stalk bending moduli_1.csv,
NSF-BMMB,2024,7/24/24,Maize,Mo17,32,442,1,65 dap (R1),Stalk,Irene,,,15.75,20.35,300,22.367206,Week 9 stalk bending moduli_1.csv,
NSF-BMMB,2024,7/24/24,Maize,Mo17,33,442,8,65 dap (R1),Stalk,Irene,,,14.68,19.08,300,17.653269,Week 9 stalk bending moduli_1.csv,
NSF-BMMB,2024,7/24/24,Maize,Mo17,34,444,8,65 dap (R1),Stalk,Irene,,,17.76,22.49,300,29.33176,Week 9 stalk bending moduli_1.csv,
NSF-BMMB,2024,7/24/24,Maize,Mo17,35,444,10,65 dap (R1),Stalk,Irene,,,15.43,19.06,300,20.162627,Week 9 stalk bending moduli_1.csv,
NSF-BMMB,2024,7/24/24,Maize,Mo17,36,444,2,65 dap (R1),Stalk,Irene,,,16.45,21.38,300,23.110607,Week 9 stalk bending moduli_1.csv,
NSF-BMMB,2024,7/24/24,Maize,Mo17,37,444,4,65 dap (R1),Stalk,Irene,,,16.85,21.17,300,23.599015,Week 9 stalk bending moduli_1.csv,
NSF-BMMB,2024,7/24/24,Maize,Mo17,38,444,3,65 dap (R1),Stalk,Irene,,,16.06,20.69,300,26.256113,Week 9 stalk bending moduli_1.csv,
NSF-BMMB,2024,7/24/24,Maize,Mo17,39,444,7,65 dap (R1),Stalk,Irene,,,14.78,18.84,300,17.515701,Week 9 stalk bending moduli_1.csv,
NSF-BMMB,2024,7/22/24,Maize,B73,4,351,10,65 dap (R1),Stalk,Irene,,,20.22,23.3,300,33.665904,Week 9 stalk bending moduli_1.csv,
NSF-BMMB,2024,7/24/24,Maize,Mo17,40,444,1,65 dap (R1),Stalk,Irene,,,17.82,23.69,300,32.989633,Week 9 stalk bending moduli_1.csv,
NSF-BMMB,2024,7/24/24,Maize,Mo17,41,444,5,65 dap (R1),Stalk,Irene,,,11.89,14.93,300,1.029943,Week 9 stalk bending moduli_1.csv,
NSF-BMMB,2024,7/24/24,Maize,Mo17,42,444,9,65 dap (R1),Stalk,Irene,,,16.84,22.47,300,26.205764,Week 9 stalk bending moduli_1.csv,
NSF-BMMB,2024,7/24/24,Maize,Mo17,43,444,6,65 dap (R1),Stalk,Irene,,,15.58,20.28,300,23.745935,Week 9 stalk bending moduli_1.csv,
NSF-BMMB,2024,7/22/24,Maize,B73,5,351,5,63 dap (R1),Stalk,Irene,,,21.79,25.54,300,43.518335,Week 9 stalk bending moduli_1.csv,
NSF-BMMB,2024,7/22/24,Maize,B73,6,351,7,63 dap (R1),Stalk,Irene,,,20.97,24.86,300,39.266704,Week 9 stalk bending moduli_1.csv,
NSF-BMMB,2024,7/22/24,Maize,B73,7,351,1,63 dap (R1),Stalk,Irene,,,21,23.48,300,30.582012,Week 9 stalk bending moduli_1.csv,
NSF-BMMB,2024,7/22/24,Maize,B73,8,351,4,63 dap (R1),Stalk,Irene,,,20.34,23.78,300,35.347442,Week 9 stalk bending moduli_1.csv,
NSF-BMMB,2024,7/22/24,Maize,CML258,9,222,1,63 dap,Stalk,Irene,,,21.23,24.33,300,17.991623,Week 9 stalk bending moduli_1.csv,
NSF-BMMB,2024,8/6/24,Maize,B73,1,345,1,78 dap,Stalk,Irene,,,21.24,25.22,300,53.470097,Week 11 Stalk bending moduli_1.csv,
NSF-BMMB,2024,8/6/24,Maize,CML258,10,226,6,78 dap,Stalk,Irene,,,22.2,25.36,300,47.64688,Week 11 Stalk bending moduli_1.csv,
NSF-BMMB,2024,8/6/24,Maize,CML258,11,226,1,78 dap,Stalk,Irene,,,23.88,28.82,300,76.129791,Week 11 Stalk bending moduli_1.csv,
NSF-BMMB,2024,8/6/24,Maize,CML258,12,226,2,78 dap,Stalk,Irene,,,20.25,23.72,300,44.891973,Week 11 Stalk bending moduli_1.csv,
NSF-BMMB,2024,8/6/24,Maize,CML258,13,226,12,78 dap,Stalk,Irene,,,17.15,19.71,300,27.652785,Week 11 Stalk bending moduli_1.csv,
NSF-BMMB,2024,8/6/24,Maize,CML258,14,226,9,78 dap,Stalk,Irene,,,23.87,27.55,300,74.62225,Week 11 Stalk bending moduli_1.csv,
NSF-BMMB,2024,8/6/24,Maize,CML258,15,228,1,78 dap,Stalk,Irene,,,21.27,24.8,300,57.049699,Week 11 Stalk bending moduli_1.csv,
NSF-BMMB,2024,8/6/24,Maize,CML258,16,228,2,78 dap,Stalk,Irene,,,21.94,24.12,300,53.291074,Week 11 Stalk bending moduli_1.csv,
NSF-BMMB,2024,8/6/24,Maize,CML258,17,228,3,78 dap,Stalk,Irene,,,18.53,19.77,300,32.562865,Week 11 Stalk bending moduli_1.csv,
NSF-BMMB,2024,8/6/24,Maize,CML258,18,228,4,78 dap,Stalk,Irene,,,23.37,27.8,300,74.414115,Week 11 Stalk bending moduli_1.csv,
NSF-BMMB,2024,8/6/24,Maize,CML258,19,228,5,78 dap,Stalk,Irene,,,18.02,20.83,300,22.723341,Week 11 Stalk bending moduli_1.csv,
NSF-BMMB,2024,8/6/24,Maize,B73,2,345,6,78 dap,Stalk,Irene,,,24.38,27.71,300,56.637156,Week 11 Stalk bending moduli_1.csv,
NSF-BMMB,2024,8/6/24,Maize,CML258,20,228,6,78 dap,Stalk,Irene,,,24.12,27.58,300,82.096323,Week 11 Stalk bending moduli_1.csv,
NSF-BMMB,2024,8/6/24,Maize,CML258,21,228,7,78 dap,Stalk,Irene,,,24.93,28.28,300,75.577485,Week 11 Stalk bending moduli_1.csv,
NSF-BMMB,2024,8/6/24,Maize,CML258,22,228,10,78 dap,Stalk,Irene,,,20.32,22.47,300,47.229851,Week 11 Stalk bending moduli_1.csv,
NSF-BMMB,2024,8/6/24,Maize,CML258,23,228,11,78 dap,Stalk,Irene,,,21.8,24.92,300,63.329776,Week 11 Stalk bending moduli_1.csv,
NSF-BMMB,2024,8/10/24,Maize,Mo17,24,446,10,82 dap,Stalk,Irene,,,13.9,17.9,300,18.6970589,Week 11 Stalk bending moduli_1.csv,
NSF-BMMB,2024,8/10/24,Maize,Mo17,25,446,11,82 dap,Stalk,Irene,,,16.65,20.73,300,30.6387592,Week 11 Stalk bending moduli_1.csv,
NSF-BMMB,2024,8/10/24,Maize,Mo17,26,446,1,82 dap,Stalk,Irene,,,15.86,20.68,300,34.1625411,Week 11 Stalk bending moduli_1.csv,
NSF-BMMB,2024,8/10/24,Maize,Mo17,27,446,12,82 dap,Stalk,Irene,,,16.05,19.54,300,28.762099,Week 11 Stalk bending moduli_1.csv,
NSF-BMMB,2024,8/10/24,Maize,Mo17,28,446,4,82 dap,Stalk,Irene,,,14.8,18.36,300,22.9666555,Week 11 Stalk bending moduli_1.csv,
NSF-BMMB,2024,8/10/24,Maize,Mo17,29,446,14,82 dap,Stalk,Irene,,,15.56,20.03,300,28.413293,Week 11 Stalk bending moduli_1.csv,
NSF-BMMB,2024,8/6/24,Maize,B73,3,345,2,78 dap,Stalk,Irene,,,17.92,21.31,300,34.044116,Week 11 Stalk bending moduli_1.csv,
NSF-BMMB,2024,8/10/24,Maize,Mo17,30,446,9,82 dap,Stalk,Irene,,,15,18.66,300,24.826306,Week 11 Stalk bending moduli_1.csv,
NSF-BMMB,2024,8/10/24,Maize,Mo17,31,448,4,82 dap,Stalk,Irene,,,19.11,21.7,300,30.722849,Week 11 Stalk bending moduli_1.csv,
NSF-BMMB,2024,8/10/24,Maize,Mo17,32,448,3,82 dap,Stalk,Irene,,,19.45,25.94,300,52.766539,Week 11 Stalk bending moduli_1.csv,
NSF-BMMB,2024,8/10/24,Maize,Mo17,33,448,7,82 dap,Stalk,Irene,,,18.68,24.05,300,45.570744,Week 11 Stalk bending moduli_1.csv,
NSF-BMMB,2024,8/10/24,Maize,Mo17,34,448,1,82 dap,Stalk,Irene,,,20.53,23.6,300,49.7319231,Week 11 Stalk bending moduli_1.csv,
NSF-BMMB,2024,8/6/24,Maize,B73,4,345,3,78 dap,Stalk,Irene,,,19.31,22.75,300,42.416105,Week 11 Stalk bending moduli_1.csv,
NSF-BMMB,2024,8/6/24,Maize,B73,5,347,3,78 dap,Stalk,Irene,,,22.18,26.36,300,51.538018,Week 11 Stalk bending moduli_1.csv,
NSF-BMMB,2024,8/6/24,Maize,B73,6,347,1,78 dap,Stalk,Irene,,,23.18,26.43,300,54.70055,Week 11 Stalk bending moduli_1.csv,
NSF-BMMB,2024,8/6/24,Maize,B73,7,347,2,78 dap,Stalk,Irene,,,18.22,22.15,300,48.506383,Week 11 Stalk bending moduli_1.csv,
NSF-BMMB,2024,8/6/24,Maize,B73,8,347,4,78 dap,Stalk,Irene,,,23.02,27.84,300,55.030858,Week 11 Stalk bending moduli_1.csv,
NSF-BMMB,2024,8/6/24,Maize,B73,9,347,7,78 dap,Stalk,Irene,,,21.72,25.82,300,47.855789,Week 11 Stalk bending moduli_1.csv,
NSF-BMMB,2024,8/19/24,Maize,Mo17,1,450,3,91 dap,Stalk,Irene,,,16.21,21.91,300,34.38906,Week 13 Stalk bending moduli_1.csv,
NSF-BMMB,2024,8/19/24,Maize,B73,10,343,5,91 dap,Stalk,Irene,,,18.66,22.66,300,43.101349,Week 13 Stalk bending moduli_1.csv,
NSF-BMMB,2024,8/19/24,Maize,B73,11,343,2,91 dap,Stalk,Irene,,,21.4,25.51,300,54.990543,Week 13 Stalk bending moduli_1.csv,
NSF-BMMB,2024,8/19/24,Maize,B73,12,343,9,91 dap,Stalk,Irene,,,17.94,21.62,300,35.49178,Week 13 Stalk bending moduli_1.csv,
NSF-BMMB,2024,8/19/24,Maize,B73,13,341,3,91 dap,Stalk,Irene,,,21.98,24.92,300,52.03323,Week 13 Stalk bending moduli_1.csv,
NSF-BMMB,2024,8/19/24,Maize,B73,14,341,4,91 dap,Stalk,Irene,,,22.91,28.8,300,56.698783,Week 13 Stalk bending moduli_1.csv,
NSF-BMMB,2024,8/19/24,Maize,B73,15,341,8,91 dap,Stalk,Irene,,,21.45,26.18,300,44.777542,Week 13 Stalk bending moduli_1.csv,
NSF-BMMB,2024,8/19/24,Maize,B73,16,341,10,91 dap,Stalk,Irene,,,20.54,25.1,300,42.568544,Week 13 Stalk bending moduli_1.csv,
NSF-BMMB,2024,8/19/24,Maize,CML258,17,230,5,91 dap,Stalk,Irene,,,12.77,14.86,300,16.080899,Week 13 Stalk bending moduli_1.csv,
NSF-BMMB,2024,8/19/24,Maize,CML258,18,230,3,91 dap,Stalk,Irene,,,21.19,24.57,300,70.53516,Week 13 Stalk bending moduli_1.csv,
NSF-BMMB,2024,8/19/24,Maize,CML258,19,230,4,91 dap,Stalk,Irene,,,25.98,29.73,300,102.289101,Week 13 Stalk bending moduli_1.csv,
NSF-BMMB,2024,8/19/24,Maize,Mo17,2,450,7,91 dap,Stalk,Irene,,,16.7,21.84,300,35.386281,Week 13 Stalk bending moduli_1.csv,
NSF-BMMB,2024,8/19/24,Maize,CML258,20,232,6,91 dap,Stalk,Irene,,,23.18,26.34,300,96.700418,Week 13 Stalk bending moduli_1.csv,
NSF-BMMB,2024,8/19/24,Maize,CML258,21,232,2,91 dap,Stalk,Irene,,,13.22,14.55,300,19.139245,Week 13 Stalk bending moduli_1.csv,
NSF-BMMB,2024,8/19/24,Maize,CML258,22,232,4,91 dap,Stalk,Irene,,,23.35,28.37,300,107.56128,Week 13 Stalk bending moduli_1.csv,
NSF-BMMB,2024,8/19/24,Maize,CML258,23,232,5,91 dap,Stalk,Irene,,,22.25,25.75,300,77.365413,Week 13 Stalk bending moduli_1.csv,
NSF-BMMB,2024,8/19/24,Maize,CML258,24,232,7,91 dap,Stalk,Irene,,,21.66,26,300,74.632822,Week 13 Stalk bending moduli_1.csv,
NSF-BMMB,2024,8/19/24,Maize,CML258,25,232,8,91 dap,Stalk,Irene,,,24.77,29.28,300,106.904864,Week 13 Stalk bending moduli_1.csv,
NSF-BMMB,2024,8/19/24,Maize,CML258,26,232,9,91 dap,Stalk,Irene,,,20.5,23.83,300,71.645734,Week 13 Stalk bending moduli_1.csv,
NSF-BMMB,2024,8/22/24,Maize,CML258,27,230,2,94 dap,Stalk,Irene,,,26.72,30.76,300,112.651407,Week 13 Stalk bending moduli_1.csv,
NSF-BMMB,2024,8/22/24,Maize,CML258,28,230,6,94 dap,Stalk,Irene,,,21.09,24.75,300,83.869514,Week 13 Stalk bending moduli_1.csv,
NSF-BMMB,2024,8/22/24,Maize,Mo17,29,452,10,94 dap,Stalk,Irene,,,16.75,21.54,300,29.2203887,Week 13 Stalk bending moduli_1.csv,
NSF-BMMB,2024,8/19/24,Maize,Mo17,3,450,6,91 dap,Stalk,Irene,,,16.27,21.9,300,32.430418,Week 13 Stalk bending moduli_1.csv,
NSF-BMMB,2024,8/22/24,Maize,Mo17,30,452,6,94 dap,Stalk,Irene,,,15.34,20.1,300,27.300142,Week 13 Stalk bending moduli_1.csv,
NSF-BMMB,2024,8/22/24,Maize,Mo17,31,452,2,94 dap,Stalk,Irene,,,16.53,21.7,300,30.263728,Week 13 Stalk bending moduli_1.csv,
NSF-BMMB,2024,8/22/24,Maize,Mo17,32,452,5,94 dap,Stalk,Irene,,,16.12,21.11,300,26.220755,Week 13 Stalk bending moduli_1.csv,
NSF-BMMB,2024,8/22/24,Maize,Mo17,33,452,11,94 dap,Stalk,Irene,,,14.62,18.91,300,25.9111472,Week 13 Stalk bending moduli_1.csv,
NSF-BMMB,2024,8/22/24,Maize,Mo17,34,452,12,94 dap,Stalk,Irene,,,16.89,20.37,300,29.401569,Week 13 Stalk bending moduli_1.csv,
NSF-BMMB,2024,8/19/24,Maize,Mo17,4,450,11,91 dap,Stalk,Irene,,,15.08,19.4,300,27.320354,Week 13 Stalk bending moduli_1.csv,
NSF-BMMB,2024,8/19/24,Maize,Mo17,5,450,1,91 dap,Stalk,Irene,,,16.3,20.75,300,30.851212,Week 13 Stalk bending moduli_1.csv,
NSF-BMMB,2024,8/19/24,Maize,Mo17,6,450,13,91 dap,Stalk,Irene,,,17.86,23.26,300,36.6124,Week 13 Stalk bending moduli_1.csv,
NSF-BMMB,2024,8/19/24,Maize,Mo17,7,450,2,91 dap,Stalk,Irene,,,17.01,22.08,300,37.848227,Week 13 Stalk bending moduli_1.csv,
NSF-BMMB,2024,8/19/24,Maize,Mo17,8,450,12,91 dap,Stalk,Irene,,,16.85,21.93,300,33.523948,Week 13 Stalk bending moduli_1.csv,
NSF-BMMB,2024,8/19/24,Maize,Mo17,9,450,8,91 dap,Stalk,Irene,,,16.18,21.7,300,32.338648,Week 13 Stalk bending moduli_1.csv,
NSF-BMMB,2024,9/6/24,Maize,CML258,1,234,7,109 dap,Stalk,Irene,,,26.48,30.26,300,130.31986,Week 15 Stalk bending moduli_1.csv,
NSF-BMMB,2024,9/6/24,Maize,CML258,10,234,4,109 dap,Stalk,Irene,,,19.04,21.93,300,45.137226,Week 15 Stalk bending moduli_1.csv,
NSF-BMMB,2024,9/6/24,Maize,CML258,11,234,11,109 dap,Stalk,Irene,,,17.79,20,300,43.896396,Week 15 Stalk bending moduli_1.csv,
NSF-BMMB,2024,9/6/24,Maize,CML258,12,234,1,109 dap,Stalk,Irene,,,27.23,31.28,300,142.02601,Week 15 Stalk bending moduli_1.csv,
NSF-BMMB,2024,9/6/24,Maize,CML258,13,236,1,109 dap,Stalk,Irene,,,28.32,32.83,300,141.262251,Week 15 Stalk bending moduli_1.csv,
NSF-BMMB,2024,9/6/24,Maize,CML258,14,236,2,109 dap,Stalk,Irene,,,21.98,25.89,300,102.138567,Week 15 Stalk bending moduli_1.csv,
NSF-BMMB,2024,9/6/24,Maize,CML258,15,236,3,109 dap,Stalk,Irene,,,23.67,28.13,300,97.45396,Week 15 Stalk bending moduli_1.csv,
NSF-BMMB,2024,9/6/24,Maize,CML258,16,236,4,109 dap,Stalk,Irene,,,22.67,25.44,300,88.892807,Week 15 Stalk bending moduli_1.csv,
NSF-BMMB,2024,9/6/24,Maize,CML258,17,236,5,109 dap,Stalk,Irene,,,21.84,24.83,300,87.758917,Week 15 Stalk bending moduli_1.csv,
NSF-BMMB,2024,9/6/24,Maize,CML258,18,236,7,109 dap,Stalk,Irene,,,24.84,29.71,300,137.24436,Week 15 Stalk bending moduli_1.csv,
NSF-BMMB,2024,9/6/24,Maize,CML258,2,234,7,109 dap,Stalk,Irene,,,26.48,30.26,300,131.12846,Week 15 Stalk bending moduli_1.csv,
NSF-BMMB,2024,9/6/24,Maize,CML258,3,234,3,109 dap,Stalk,Irene,,,23.68,27.92,300,97.80394,Week 15 Stalk bending moduli_1.csv,
NSF-BMMB,2024,9/6/24,Maize,CML258,4,234,8,109 dap,Stalk,Irene,,,23.31,26.82,300,100.65356,Week 15 Stalk bending moduli_1.csv,
NSF-BMMB,2024,9/6/24,Maize,CML258,5,234,10,109 dap,Stalk,Irene,,,24.55,28.01,300,101.332672,Week 15 Stalk bending moduli_1.csv,
NSF-BMMB,2024,9/6/24,Maize,CML258,6,234,12,109 dap,Stalk,Irene,,,21.38,25.14,300,85.703672,Week 15 Stalk bending moduli_1.csv,
NSF-BMMB,2024,9/6/24,Maize,CML258,7,234,9,109 dap,Stalk,Irene,,,23.61,26.66,300,91.0366,Week 15 Stalk bending moduli_1.csv,node
NSF-BMMB,2024,9/6/24,Maize,CML258,8,234,5,109 dap,Stalk,Irene,,,22.74,26.8,300,91.93582,Week 15 Stalk bending moduli_1.csv,
NSF-BMMB,2024,9/6/24,Maize,CML258,9,234,2,109 dap,Stalk,Irene,,,21.75,24.62,300,89.866993,Week 15 Stalk bending moduli_1.csv,