Year,Location,Experiment,Genotype,Species,PlantID_ReplicateNumber,Plot,Replicate,Test_Type,Tester_Name,Planting_Date,Testing_Date,raw_data_file,Additional_Notes,line_raw_slope_N.m,SMURF_Name
2023,RC Willin Farm,Pythium,Commercial Hybrids,Maize,1-1-c,1,1,A,Jr,,6/26/23,1-1-c_06_26_2023_11_47_03.xlsx,c,1509.23077,
2023,RC Willin Farm,Pythium,Commercial Hybrids,Maize,1-1-p,1,1,A,Jr,,6/26/23,1-1-p_06_26_2023_11_45_09.xlsx,p,565.961538,
2023,RC Willin Farm,Pythium,Commercial Hybrids,Maize,1-2-c,1,2,A,Jr,,6/26/23,1-2-c_06_26_2023_11_51_47.xlsx,c,1735.61539,
2023,RC Willin Farm,Pythium,Commercial Hybrids,Maize,1-2-p,1,2,A,Jr,,6/26/23,1-2-p_06_26_2023_11_50_15.xlsx,p,226.384615,
2023,RC Willin Farm,Pythium,Commercial Hybrids,Maize,1-5-C,1,5,A,Jr,,6/26/23,1-5-C_06_26_2023_11_54_20.xlsx,C,1735.61539,
2023,RC Willin Farm,Pythium,Commercial Hybrids,Maize,1-5-P,1,5,A,Jr,,6/26/23,1-5-P_06_26_2023_11_53_26.xlsx,P,339.576923,
2023,RC Willin Farm,Pythium,Commercial Hybrids,Maize,2-1-C,2,1,A,Jr,,6/26/23,2-1-C_06_26_2023_10_27_49.xlsx,C,1924.26923,
2023,RC Willin Farm,Pythium,Commercial Hybrids,Maize,2-1-P,2,1,A,Jr,,6/26/23,2-1-P_06_26_2023_10_26_37.xlsx,P,150.923077,
2023,RC Willin Farm,Pythium,Commercial Hybrids,Maize,2-2-C,2,2,A,Jr,,6/26/23,2-2-C_06_26_2023_10_30_17.xlsx,C,4527.69231,
2023,RC Willin Farm,Pythium,Commercial Hybrids,Maize,2-2-P,2,2,A,Jr,,6/26/23,2-2-P_06_26_2023_10_29_16.xlsx,P,1056.46154,
2023,RC Willin Farm,Pythium,Commercial Hybrids,Maize,2-3-C,2,3,A,Jr,,6/26/23,2-3-C_06_26_2023_10_35_44.xlsx,C,4037.19231,
2023,RC Willin Farm,Pythium,Commercial Hybrids,Maize,2-3-P,2,3,A,Jr,,6/26/23,2-3-P_06_26_2023_10_34_27.xlsx,P,1848.80769,
2023,RC Willin Farm,Pythium,Commercial Hybrids,Maize,2-4-C,2,4,A,Jr,,6/26/23,2-4-C_06_26_2023_10_32_52.xlsx,C,3659.88462,
2023,RC Willin Farm,Pythium,Commercial Hybrids,Maize,2-4-P,2,4,A,Jr,,6/26/23,2-4-P_06_26_2023_10_31_56.xlsx,P,1169.65385,
2023,RC Willin Farm,Pythium,Commercial Hybrids,Maize,2-4-P,2,4,A,Jr,,6/26/23,2-4-P_06_26_2023_11_09_40.xlsx,P,188.653846,
2023,RC Willin Farm,Pythium,Commercial Hybrids,Maize,2-5-C,2,5,A,Jr,,6/26/23,2-5-C_06_26_2023_10_37_54.xlsx,C,1735.61539,
2023,RC Willin Farm,Pythium,Commercial Hybrids,Maize,2-5-P,2,5,A,Jr,,6/26/23,2-5-P_06_26_2023_10_37_03.xlsx,P,490.5,
2023,RC Willin Farm,Pythium,Commercial Hybrids,Maize,3-1-C,3,1,A,Jr,,6/26/23,3-1-C_06_26_2023_11_03_42.xlsx,C,2377.03846,
2023,RC Willin Farm,Pythium,Commercial Hybrids,Maize,3-1-p,3,1,A,Jr,,6/26/23,3-1-p_06_26_2023_11_02_33.xlsx,p,792.346154,
2023,RC Willin Farm,Pythium,Commercial Hybrids,Maize,3-10-C,3,10,A,Jr,,6/26/23,3-10-C_06_26_2023_11_23_05.xlsx,C,1207.38462,
2023,RC Willin Farm,Pythium,Commercial Hybrids,Maize,3-10-P,3,10,A,Jr,,6/26/23,3-10-P_06_26_2023_11_22_16.xlsx,P,301.846154,
2023,RC Willin Farm,Pythium,Commercial Hybrids,Maize,3-2-c,3,2,A,Jr,,6/26/23,3-2-c_06_26_2023_11_00_07.xlsx,c,3961.73077,
2023,RC Willin Farm,Pythium,Commercial Hybrids,Maize,3-2-p,3,2,A,Jr,,6/26/23,3-2-p_06_26_2023_10_58_03.xlsx,p,188.653846,
2023,RC Willin Farm,Pythium,Commercial Hybrids,Maize,3-3-C,3,3,A,Jr,,6/26/23,3-3-C_06_26_2023_11_05_55.xlsx,C,2527.96154,
2023,RC Willin Farm,Pythium,Commercial Hybrids,Maize,3-3-P,3,3,A,Jr,,6/26/23,3-3-P_06_26_2023_11_04_58.xlsx,P,641.423077,
2023,RC Willin Farm,Pythium,Commercial Hybrids,Maize,3-5-C,3,5,A,Jr,,6/26/23,3-5-C_06_26_2023_11_08_14.xlsx,C,2829.80769,
2023,RC Willin Farm,Pythium,Commercial Hybrids,Maize,3-5-P,3,5,A,Jr,,6/26/23,3-5-P_06_26_2023_11_07_19.xlsx,P,641.423077,
2023,RC Willin Farm,Pythium,Commercial Hybrids,Maize,3-6-c,3,6,A,Jr,,6/26/23,3-6-c_06_26_2023_11_16_33.xlsx,c,2075.19231,
2023,RC Willin Farm,Pythium,Commercial Hybrids,Maize,3-6-p,3,6,A,Jr,,6/26/23,3-6-p_06_26_2023_11_14_59.xlsx,p,716.884615,
2023,RC Willin Farm,Pythium,Commercial Hybrids,Maize,3-7-C,3,7,A,Jr,,6/26/23,3-7-C_06_26_2023_11_19_04.xlsx,C,1886.53846,
2023,RC Willin Farm,Pythium,Commercial Hybrids,Maize,3-7-P,3,7,A,Jr,,6/26/23,3-7-P_06_26_2023_11_18_11.xlsx,P,716.884615,
2023,RC Willin Farm,Pythium,Commercial Hybrids,Maize,3-8-C,3,8,A,Jr,,6/26/23,3-8-C_06_26_2023_11_28_26.xlsx,C,3886.26923,
2023,RC Willin Farm,Pythium,Commercial Hybrids,Maize,3-8-P,3,8,A,Jr,,6/26/23,3-8-P_06_26_2023_11_26_58.xlsx,P,339.576923,
2023,RC Willin Farm,Pythium,Commercial Hybrids,Maize,3-9-C,3,9,A,Jr,,6/26/23,3-9-C_06_26_2023_11_21_10.xlsx,C,2037.46154,
2023,RC Willin Farm,Pythium,Commercial Hybrids,Maize,3-9-P,3,9,A,Jr,,6/26/23,3-9-P_06_26_2023_11_20_18.xlsx,P,1169.65385,
2023,RC Willin Farm,Pythium,Commercial Hybrids,Maize,1_1_c,1,1,A,Jwr,,7/4/23,1_1_c_07_04_2023_11_37_50.xlsx,c,3320.30769,
2023,RC Willin Farm,Pythium,Commercial Hybrids,Maize,1_1_p,1,1,A,Jwr,,7/4/23,1_1_p_07_04_2023_11_35_09.xlsx,p,1320.57692,
2023,RC Willin Farm,Pythium,Commercial Hybrids,Maize,1_2_c,1,2,A,Jwr,,7/4/23,1_2_c_07_04_2023_11_41_10.xlsx,c,3169.38462,
2023,RC Willin Farm,Pythium,Commercial Hybrids,Maize,1_2_p,1,2,A,Jwr,,7/4/23,1_2_p_07_04_2023_11_39_50.xlsx,p,339.576923,
2023,RC Willin Farm,Pythium,Commercial Hybrids,Maize,1_5_c,1,5,A,Jwr,,7/4/23,1_5_c_07_04_2023_11_45_26.xlsx,c,2716.61539,
2023,RC Willin Farm,Pythium,Commercial Hybrids,Maize,1_5_p,1,5,A,Jwr,,7/4/23,1_5_p_07_04_2023_11_44_06.xlsx,p,1056.46154,
2023,RC Willin Farm,Pythium,Commercial Hybrids,Maize,2_1_c,2,1,A,Jwr,,7/4/23,2_1_c_07_04_2023_09_10_20.xlsx,c,3207.11538,
2023,RC Willin Farm,Pythium,Commercial Hybrids,Maize,2_1_p,2,1,A,Jwr,,7/4/23,2_1_p_07_04_2023_09_08_54.xlsx,p,452.769231,
2023,RC Willin Farm,Pythium,Commercial Hybrids,Maize,2_2_c,2,2,A,Jwr,,7/4/23,2_2_c_07_04_2023_09_15_18.xlsx,c,5244.57692,
2023,RC Willin Farm,Pythium,Commercial Hybrids,Maize,2_2_p,2,2,A,Jwr,,7/4/23,2_2_p_07_04_2023_09_12_58.xlsx,p,2075.19231,
2023,RC Willin Farm,Pythium,Commercial Hybrids,Maize,2_3_c,2,3,A,Jwr,,7/4/23,2_3_c_07_04_2023_09_32_25.xlsx,c,5169.11539,
2023,RC Willin Farm,Pythium,Commercial Hybrids,Maize,2_3_p,2,3,A,Jwr,,7/4/23,2_3_p_07_04_2023_09_30_50.xlsx,p,1018.73077,
2023,RC Willin Farm,Pythium,Commercial Hybrids,Maize,2_4_c,2,4,A,Jwr,,7/4/23,2_4_c_07_04_2023_09_20_51.xlsx,c,4640.88462,
2023,RC Willin Farm,Pythium,Commercial Hybrids,Maize,2_4_p,2,4,A,Jwr,,7/4/23,2_4_p_07_04_2023_09_19_24.xlsx,p,415.038462,
2023,RC Willin Farm,Pythium,Commercial Hybrids,Maize,2_5_c,2,5,A,Jwr,,7/4/23,2_5_c_07_04_2023_09_25_18.xlsx,c,3244.84615,
2023,RC Willin Farm,Pythium,Commercial Hybrids,Maize,2_5_p,2,5,A,Jwr,,7/4/23,2_5_p_07_04_2023_09_23_38.xlsx,p,867.807692,
2023,RC Willin Farm,Pythium,Commercial Hybrids,Maize,3_1_c,3,1,A,Jwr,,7/4/23,3_1_c_07_04_2023_10_08_02.xlsx,c,3546.69231,
2023,RC Willin Farm,Pythium,Commercial Hybrids,Maize,3_1_p,3,1,A,Jwr,,7/4/23,3_1_p_07_04_2023_10_06_14.xlsx,p,75.4615385,
2023,RC Willin Farm,Pythium,Commercial Hybrids,Maize,3_10_c,3,10,A,Jwr,,7/4/23,3_10_c_07_04_2023_10_48_08.xlsx,c,3471.23077,
2023,RC Willin Farm,Pythium,Commercial Hybrids,Maize,3_10_p,3,10,A,Jwr,,7/4/23,3_10_p_07_04_2023_10_46_52.xlsx,p,565.961539,
2023,RC Willin Farm,Pythium,Commercial Hybrids,Maize,3_2_c,3,2,A,Jwr,,7/4/23,3_2_c_07_04_2023_09_57_50.xlsx,c,5772.80769,
2023,RC Willin Farm,Pythium,Commercial Hybrids,Maize,3_2_p,3,2,A,Jwr,,7/4/23,3_2_p__07_04_2023_09_55_52.xlsx,p,490.5,
2023,RC Willin Farm,Pythium,Commercial Hybrids,Maize,3_3_c,3,3,A,Jwr,,7/4/23,3_3_c_07_04_2023_10_03_01.xlsx,c,3773.07692,
2023,RC Willin Farm,Pythium,Commercial Hybrids,Maize,3_3_p,3,3,A,Jwr,,7/4/23,3_3_p_07_04_2023_10_00_55.xlsx,p,1773.34615,
2023,RC Willin Farm,Pythium,Commercial Hybrids,Maize,3_4_c,3,4,A,Jar,,7/4/23,3_4_c_07_04_2023_10_23_43.xlsx,c,5131.38462,
2023,RC Willin Farm,Pythium,Commercial Hybrids,Maize,3_4_p,3,4,A,Jar,,7/4/23,3_4_p_07_04_2023_10_21_37.xlsx,p,603.692308,
2023,RC Willin Farm,Pythium,Commercial Hybrids,Maize,3_5_c,3,5,A,Jar,,7/4/23,3_5_c_07_04_2023_10_19_36.xlsx,c,4376.76923,
2023,RC Willin Farm,Pythium,Commercial Hybrids,Maize,3_5_p,3,5,A,Jwr,,7/4/23,3_5_p_07_04_2023_10_14_07.xlsx,p,792.346154,
2023,RC Willin Farm,Pythium,Commercial Hybrids,Maize,3_6_c,3,6,A,Jwr,,7/4/23,3_6_c_07_04_2023_11_03_40.xlsx,c,3131.65385,
2023,RC Willin Farm,Pythium,Commercial Hybrids,Maize,3_6_p,3,6,A,Jwr,,7/4/23,3_6_p_07_04_2023_11_02_36.xlsx,p,226.384615,
2023,RC Willin Farm,Pythium,Commercial Hybrids,Maize,3_7_c,3,7,A,Jwr,,7/4/23,3_7_c_07_04_2023_10_53_56.xlsx,c,3282.57692,
2023,RC Willin Farm,Pythium,Commercial Hybrids,Maize,3_7_p,3,7,A,Jwr,,7/4/23,3_7_p_07_04_2023_10_52_40.xlsx,p,1471.5,
2023,RC Willin Farm,Pythium,Commercial Hybrids,Maize,3_8_c,3,8,A,Jwr,,7/4/23,3_8_c_07_04_2023_10_45_21.xlsx,c,4452.23077,
2023,RC Willin Farm,Pythium,Commercial Hybrids,Maize,3_8_p,3,8,A,Jwr,,7/4/23,3_8_p_07_04_2023_10_44_06.xlsx,p,1056.46154,
2023,RC Willin Farm,Pythium,Commercial Hybrids,Maize,3_9_c,3,9,A,Jwr,,7/4/23,3_9_c_07_04_2023_10_50_52.xlsx,c,4452.23077,
2023,RC Willin Farm,Pythium,Commercial Hybrids,Maize,3_9_p,3,9,A,Jwr,,7/4/23,3_9_p_07_04_2023_10_49_31.xlsx,p,2943,
2023,RC Willin Farm,Pythium,Commercial Hybrids,Maize,1-1-c,1,1,A,Jr,,7/10/23,1-1-c_07_10_2023_11_04_35.xlsx,c,4301.30769,
2023,RC Willin Farm,Pythium,Commercial Hybrids,Maize,1-1-p,1,1,A,Jr,,7/10/23,1-1-p_07_10_2023_11_03_30.xlsx,p,2339.30769,
2023,RC Willin Farm,Pythium,Commercial Hybrids,Maize,1-2-c,1,2,A,Jr,,7/10/23,1-2-c_07_10_2023_11_07_24.xlsx,c,4074.92308,
2023,RC Willin Farm,Pythium,Commercial Hybrids,Maize,1-2-p,1,2,A,Jr,,7/10/23,1-2-p_07_10_2023_11_06_14.xlsx,p,943.269231,
2023,RC Willin Farm,Pythium,Commercial Hybrids,Maize,1-5-c,1,5,A,Jr,,7/10/23,1-5-c_07_10_2023_11_01_54.xlsx,c,4791.80769,
2023,RC Willin Farm,Pythium,Commercial Hybrids,Maize,1-5-p,1,5,A,Jr,,7/10/23,1-5-p_07_10_2023_11_00_16.xlsx,p,1697.88462,
2023,RC Willin Farm,Pythium,Commercial Hybrids,Maize,2-1-c,2,1,A,Jr,,7/10/23,2-1-c_07_10_2023_09_43_59.xlsx,c,4829.53846,
2023,RC Willin Farm,Pythium,Commercial Hybrids,Maize,2-1-p,2,1,A,Jr,,7/10/23,2-1-p_07_10_2023_09_42_51.xlsx,p,1094.19231,
2023,RC Willin Farm,Pythium,Commercial Hybrids,Maize,2-2-c,2,2,A,Jr,,7/10/23,2-2-c_07_10_2023_09_41_15.xlsx,c,6301.03846,
2023,RC Willin Farm,Pythium,Commercial Hybrids,Maize,2-2-p,2,2,A,Jr,,7/10/23,2-2-p_07_10_2023_09_39_31.xlsx,p,3622.15385,
2023,RC Willin Farm,Pythium,Commercial Hybrids,Maize,2-3-c,2,3,A,Jr,,7/10/23,2-3-c_07_10_2023_09_48_06.xlsx,c,7697.07692,
2023,RC Willin Farm,Pythium,Commercial Hybrids,Maize,2-3-p,2,3,A,Jr,,7/10/23,2-3-p_07_10_2023_09_46_14.xlsx,p,528.230769,
2023,RC Willin Farm,Pythium,Commercial Hybrids,Maize,2-4-c,2,4,A,Jr,,7/10/23,2-4-c_07_10_2023_09_51_07.xlsx,c,5999.19231,
2023,RC Willin Farm,Pythium,Commercial Hybrids,Maize,2-4-p,2,4,A,Jr,,7/10/23,2-4-p_07_10_2023_09_49_50.xlsx,p,716.884615,
2023,RC Willin Farm,Pythium,Commercial Hybrids,Maize,2-5-c,2,5,A,Jr,,7/10/23,2-5-c_07_10_2023_09_53_34.xlsx,c,4527.69231,
2023,RC Willin Farm,Pythium,Commercial Hybrids,Maize,2-5-p,2,5,A,Jr,,7/10/23,2-5-p_07_10_2023_09_52_33.xlsx,p,1584.69231,
2023,RC Willin Farm,Pythium,Commercial Hybrids,Maize,3-1-c,3,1,A,Jr,,7/10/23,3-1-c_07_10_2023_10_08_26.xlsx,c,5357.76923,
2023,RC Willin Farm,Pythium,Commercial Hybrids,Maize,3-1-p,3,1,A,Jr,,7/10/23,3-1-p_07_10_2023_10_07_14.xlsx,p,75.4615385,
2023,RC Willin Farm,Pythium,Commercial Hybrids,Maize,3-10-c,3,10,A,Jr,,7/10/23,3-10-c_07_10_2023_10_34_12.xlsx,c,2905.26923,
2023,RC Willin Farm,Pythium,Commercial Hybrids,Maize,3-10-p,3,10,A,Jr,,7/10/23,3-10-p_07_10_2023_10_33_03.xlsx,p,1207.38462,
2023,RC Willin Farm,Pythium,Commercial Hybrids,Maize,3-2-c,3,2,A,Jr,,7/10/23,3-2-c_07_10_2023_10_11_26.xlsx,c,5735.07692,
2023,RC Willin Farm,Pythium,Commercial Hybrids,Maize,3-2-p,3,2,A,Jr,,7/10/23,3-2-p_07_10_2023_10_10_20.xlsx,p,1245.11538,
2023,RC Willin Farm,Pythium,Commercial Hybrids,Maize,3-3-c,3,3,A,Jr,,7/10/23,3-3-c_07_10_2023_10_14_24.xlsx,c,4376.76923,
2023,RC Willin Farm,Pythium,Commercial Hybrids,Maize,3-3-p,3,3,A,Jr,,7/10/23,3-3-p_07_10_2023_10_13_11.xlsx,p,3093.92308,
2023,RC Willin Farm,Pythium,Commercial Hybrids,Maize,3-4-c,3,4,A,Jr,,7/10/23,3-4-c_07_10_2023_10_20_55.xlsx,c,5621.88462,
2023,RC Willin Farm,Pythium,Commercial Hybrids,Maize,3-4-p,3,4,A,Jr,,7/10/23,3-4-p_07_10_2023_10_19_45.xlsx,p,867.807692,
2023,RC Willin Farm,Pythium,Commercial Hybrids,Maize,3-5-c,3,5,A,Jr,,7/10/23,3-5-c_07_10_2023_10_17_28.xlsx,c,5584.15385,
2023,RC Willin Farm,Pythium,Commercial Hybrids,Maize,3-5-p,3,5,A,Jr,,7/10/23,3-5-p_07_10_2023_10_16_18.xlsx,p,1962,
2023,RC Willin Farm,Pythium,Commercial Hybrids,Maize,3-6-c,3,6,A,Jr,,7/10/23,3-6-c_07_10_2023_10_24_15.xlsx,c,5169.11538,
2023,RC Willin Farm,Pythium,Commercial Hybrids,Maize,3-6-p,3,6,A,Jr,,7/10/23,3-6-p_07_10_2023_10_23_03.xlsx,p,37.7307692,
2023,RC Willin Farm,Pythium,Commercial Hybrids,Maize,3-7-c,3,7,A,Jr,,7/10/23,3-7-c_07_10_2023_10_26_53.xlsx,c,4565.42308,
2023,RC Willin Farm,Pythium,Commercial Hybrids,Maize,3-7-p,3,7,A,Jr,,7/10/23,3-7-p_07_10_2023_10_25_45.xlsx,p,2754.34615,
2023,RC Willin Farm,Pythium,Commercial Hybrids,Maize,3-8-c,3,8,A,Jr,,7/10/23,3-8-c_07_10_2023_10_38_00.xlsx,c,5584.15385,
2023,RC Willin Farm,Pythium,Commercial Hybrids,Maize,3-8-p,3,8,A,Jr,,7/10/23,3-8-p_07_10_2023_10_36_36.xlsx,p,2792.07692,
2023,RC Willin Farm,Pythium,Commercial Hybrids,Maize,3-9-c,3,9,A,Jr,,7/10/23,3-9-c_07_10_2023_10_30_03.xlsx,c,4376.76923,
2023,RC Willin Farm,Pythium,Commercial Hybrids,Maize,3-9-p,3,9,A,Jr,,7/10/23,3-9-p_07_10_2023_10_28_51.xlsx,p,4225.84615,
2023,RC Willin Farm,Pythium,,Maize,1-1-c,1,1,A,Jr,,7/17/23,1-1-c_07_17_2023_11_07_35.xlsx,,6263.30769,
2023,RC Willin Farm,Pythium,,Maize,1-1-p,1,1,A,Jr,,7/17/23,1-1-p_07_17_2023_11_06_01.xlsx,,3508.96154,
2023,RC Willin Farm,Pythium,,Maize,1-2-c,1,2,A,Jr,,7/17/23,1-2-c_07_17_2023_11_01_24.xlsx,,5848.26923,
2023,RC Willin Farm,Pythium,,Maize,1-2-p,1,2,A,Jr,,7/17/23,1-2-p_07_17_2023_11_00_21.xlsx,,1282.84615,
2023,RC Willin Farm,Pythium,,Maize,1-5-c,1,5,A,Jr,,7/17/23,1-5-c_07_17_2023_11_04_13.xlsx,,4188.11539,
2023,RC Willin Farm,Pythium,,Maize,1-5-p,1,5,A,Jr,,7/17/23,1-5-p_07_17_2023_11_03_01.xlsx,,3584.42308,
2023,RC Willin Farm,Pythium,,Maize,2-1-c,2,1,A,Jr,,7/17/23,2-1-c_07_17_2023_09_27_29.xlsx,,5546.42308,
2023,RC Willin Farm,Pythium,,Maize,2-1-p,2,1,A,Jr,,7/17/23,2-1-p_07_17_2023_09_26_08.xlsx,,1584.69231,
2023,RC Willin Farm,Pythium,,Maize,2-2-c,2,2,A,Jr,,7/17/23,2-2-c_07_17_2023_09_22_57.xlsx,,7508.42308,
2023,RC Willin Farm,Pythium,,Maize,2-2-p,2,2,A,Jr,,7/17/23,2-2-p_07_17_2023_09_21_09.xlsx,,4603.15385,
2023,RC Willin Farm,Pythium,,Maize,2-3-c,2,3,A,Jr,,7/17/23,2-3-c_07_17_2023_09_32_21.xlsx,,7093.38462,
2023,RC Willin Farm,Pythium,,Maize,2-3-p,2,3,A,Jr,,7/17/23,2-3-p_07_17_2023_09_30_19.xlsx,,-4.44E-13,
2023,RC Willin Farm,Pythium,,Maize,2-4-c,2,4,A,Jr,,7/17/23,2-4-c_07_17_2023_09_43_33.xlsx,,7432.96154,
2023,RC Willin Farm,Pythium,,Maize,2-4-p,2,4,A,Jr,,7/17/23,2-4-c_07_17_2023_09_42_05.xlsx,,113.192308,
2023,RC Willin Farm,Pythium,,Maize,2-5-c,2,5,A,Jr,,7/17/23,2-5-c_07_17_2023_09_36_04.xlsx,,5357.76923,
2023,RC Willin Farm,Pythium,,Maize,2-5-p,2,5,A,Jr,,7/17/23,2-5-p_07_17_2023_09_33_54.xlsx,,3207.11539,
2023,RC Willin Farm,Pythium,,Maize,3-1-c,3,1,A,Jr,,7/17/23,3-1-c_07_17_2023_10_07_39.xlsx,,6904.73077,
2023,RC Willin Farm,Pythium,,Maize,3-1-p,3,1,A,Jr,,7/17/23,3-1-p_07_17_2023_10_06_25.xlsx,,490.5,
2023,RC Willin Farm,Pythium,,Maize,3-10-c,3,10,A,Jr,,7/17/23,3-10-c_07_17_2023_10_22_47.xlsx,,6867,
2023,RC Willin Farm,Pythium,,Maize,3-10-p,3,10,A,Jr,,7/17/23,3-10-p_07_17_2023_10_21_23.xlsx,,905.538462,
2023,RC Willin Farm,Pythium,,Maize,3-2-c,3,2,A,Jr,,7/17/23,3-2-c_07_17_2023_10_10_48.xlsx,,7961.19231,
2023,RC Willin Farm,Pythium,,Maize,3-2-p,3,2,A,Jr,,7/17/23,3-2-p_07_17_2023_10_09_33.xlsx,,1622.42308,
2023,RC Willin Farm,Pythium,,Maize,3-3-c,3,3,A,Jr,,7/17/23,3-3-c_07_17_2023_10_04_58.xlsx,,5810.53846,
2023,RC Willin Farm,Pythium,,Maize,3-3-p,3,3,A,Jr,,7/17/23,3-3-p_07_17_2023_10_03_37.xlsx,,2940,
2023,RC Willin Farm,Pythium,,Maize,3-4-c,3,4,A,Jr,,7/17/23,3-4-c_07_17_2023_10_13_45.xlsx,,6338.76923,
2023,RC Willin Farm,Pythium,,Maize,3-4-p,3,4,A,Jr,,7/17/23,3-4-p_07_17_2023_10_12_36.xlsx,,1131.92308,
2023,RC Willin Farm,Pythium,,Maize,3-5-c,3,5,A,Jr,,7/17/23,3-5-c_07_17_2023_10_17_29.xlsx,,4791.80769,
2023,RC Willin Farm,Pythium,,Maize,3-5-p,3,5,A,Jr,,7/17/23,3-5-p_07_17_2023_10_16_10.xlsx,,2565.69231,
2023,RC Willin Farm,Pythium,,Maize,3-7-c,3,7,A,Jr,,7/17/23,3-7-c_07_17_2023_10_33_25.xlsx,,5848.26923,
2023,RC Willin Farm,Pythium,,Maize,3-7-p,3,7,A,Jr,,7/17/23,3-7-p_07_17_2023_10_32_09.xlsx,,2339.30769,
2023,RC Willin Farm,Pythium,,Maize,3-8-c,3,8,A,Jr,,7/17/23,3-8-c_07_17_2023_10_29_08.xlsx,,8451.69231,
2023,RC Willin Farm,Pythium,,Maize,3-8-p,3,8,A,Jr,,7/17/23,3-8-p_07_17_2023_10_28_00.xlsx,,3131.65385,
2023,RC Willin Farm,Pythium,,Maize,3-9-c,3,9,A,Jr,,7/17/23,3-9-c_07_17_2023_10_26_29.xlsx,,6150.11539,
2023,RC Willin Farm,Pythium,,Maize,3-9-p,3,9,A,Jr,,7/17/23,3-9-p_07_17_2023_10_25_01.xlsx,,5433.23077,
2023,RC Willin Farm,Pythium,,Maize,1-1-c,1,1,A,Jr,,7/31/23,1-1-c_07_31_2023_10_43_03.xlsx,,6074.65385,
2023,RC Willin Farm,Pythium,,Maize,1-1-p,1,1,A,Jr,,7/31/23,1-1-p_07_31_2023_10_41_51.xlsx,,4301.30769,
2023,RC Willin Farm,Pythium,,Maize,1-2-c,1,2,A,Jr,,7/31/23,1-2-c_07_31_2023_10_45_49.xlsx,,6527.42308,
2023,RC Willin Farm,Pythium,,Maize,1-2-p,1,2,A,Jr,,7/31/23,1-2-p_07_31_2023_10_44_41.xlsx,,1811.07692,
2023,RC Willin Farm,Pythium,,Maize,1-5-c,1,5,A,Jr,,7/31/23,1-5-c_07_31_2023_10_48_58.xlsx,,6263.30769,
2023,RC Willin Farm,Pythium,,Maize,1-5-p,1,5,A,Jr,,7/31/23,1-5-p_07_31_2023_10_47_36.xlsx,,4603.15385,
2023,RC Willin Farm,Pythium,,Maize,2-1-c,2,1,A,Jr,,7/31/23,2-1-c_07_31_2023_09_26_10.xlsx,,5772.80769,
2023,RC Willin Farm,Pythium,,Maize,2-1-p,2,1,A,Jr,,7/31/23,2-1-p_07_31_2023_09_24_18.xlsx,,1886.53846,
2023,RC Willin Farm,Pythium,,Maize,2-2-c,2,2,A,Jr,,7/31/23,2-2-c_07_31_2023_09_29_09.xlsx,,8187.57692,
2023,RC Willin Farm,Pythium,,Maize,2-2-p,2,2,A,Jr,,7/31/23,2-2-p_07_31_2023_09_27_42.xlsx,,4150.38462,
2023,RC Willin Farm,Pythium,,Maize,2-3-c,2,3,A,Jr,,7/31/23,2-3-c_07_31_2023_09_35_54.xlsx,,6904.73077,
2023,RC Willin Farm,Pythium,,Maize,2-3-p,2,3,A,Jr,,7/31/23,2-3-p_07_31_2023_09_34_45.xlsx,,75.461538,
2023,RC Willin Farm,Pythium,,Maize,2-4-c,2,4,A,Jr,,7/31/23,2-4-c_07_31_2023_09_32_39.xlsx,,7810.26923,
2023,RC Willin Farm,Pythium,,Maize,2-4-p,2,4,A,Jr,,7/31/23,2-4-p_07_31_2023_09_31_20.xlsx,,113.192308,
2023,RC Willin Farm,Pythium,,Maize,2-5-c,2,5,A,Jr,,7/31/23,2-5-c_07_31_2023_09_38_32.xlsx,,5470.96154,
2023,RC Willin Farm,Pythium,,Maize,2-5-p,2,5,A,Jr,,7/31/23,2-5-p_07_31_2023_09_37_13.xlsx,,3018.46154,
2023,RC Willin Farm,Pythium,,Maize,3-1-c,3,1,A,Jr,,7/31/23,3-1-c_07_31_2023_10_02_17.xlsx,,6716.07692,
2023,RC Willin Farm,Pythium,,Maize,3-1-p,3,1,A,Jr,,7/31/23,3-1-p_07_31_2023_10_00_50.xlsx,,679.153846,
2023,RC Willin Farm,Pythium,,Maize,3-10-c,3,10,A,Jr,,7/31/23,3-10-c_07_31_2023_10_16_40.xlsx,,7848,
2023,RC Willin Farm,Pythium,,Maize,3-10-p,3,10,A,Jr,,7/31/23,3-10-p_07_31_2023_10_15_08.xlsx,,1282.84615,
2023,RC Willin Farm,Pythium,,Maize,3-2-c,3,2,A,Jr,,7/31/23,3-2-c_07_31_2023_10_09_09.xlsx,,7432.96154,
2023,RC Willin Farm,Pythium,,Maize,3-2-p,3,2,A,Jr,,7/31/23,3-2-p_07_31_2023_10_07_55.xlsx,,1811.07692,
2023,RC Willin Farm,Pythium,,Maize,3-3-c,3,3,A,Jr,,7/31/23,3-3-c_07_31_2023_10_06_12.xlsx,,6980.19231,
2023,RC Willin Farm,Pythium,,Maize,3-3-p,3,3,A,Jr,,7/31/23,3-3-p_07_31_2023_10_04_57.xlsx,,4074.92308,
2023,RC Willin Farm,Pythium,,Maize,3-4-c,3,4,A,Jr,,7/31/23,3-4-c_07_31_2023_09_55_30.xlsx,,6942.46154,
2023,RC Willin Farm,Pythium,,Maize,3-4-p,3,4,A,Jr,,7/31/23,3-4-p_07_31_2023_09_54_03.xlsx,,1358.30769,
2023,RC Willin Farm,Pythium,,Maize,3-5-c,3,5,A,Jr,,7/31/23,3-5-c_07_31_2023_09_58_46.xlsx,,6791.53846,
2023,RC Willin Farm,Pythium,,Maize,3-5-p,3,5,A,Jr,,7/31/23,3-5-p_07_31_2023_09_57_32.xlsx,,3659.88462,
2023,RC Willin Farm,Pythium,,Maize,3-7-c,3,7,A,Jr,,7/31/23,3-7-c_07_31_2023_10_12_55.xlsx,,6263.30769,
2023,RC Willin Farm,Pythium,,Maize,3-7-p,3,7,A,Jr,,7/31/23,3-7-p_07_31_2023_10_11_10.xlsx,,4074.92308,
2023,RC Willin Farm,Pythium,,Maize,3-8-c,3,8,A,Jr,,7/31/23,3-8-c_07_31_2023_10_22_48.xlsx,,9960.92308,
2023,RC Willin Farm,Pythium,,Maize,3-8-p,3,8,A,Jr,,7/31/23,3-8-p_07_31_2023_10_21_38.xlsx,,3433.5,
2023,RC Willin Farm,Pythium,,Maize,3-9-c,3,9,A,Jr,,7/31/23,3-9-c_07_31_2023_10_19_58.xlsx,,5886,
2023,RC Willin Farm,Pythium,,Maize,3-9-p,3,9,A,Jr,,7/31/23,3-9-p_07_31_2023_10_18_18.xlsx,,4754.07692,
2023,RC Willin Farm,Pythium,,Maize,1-1-c,1,1,A,Jr,,8/7/23,1-1-c_08_07_2023_11_04_21.xlsx,c,7017.92308,
2023,RC Willin Farm,Pythium,,Maize,1-1-p,1,1,A,Jr,,8/7/23,1-1-p_08_07_2023_11_02_59.xlsx,p,4527.69231,
2023,RC Willin Farm,Pythium,,Maize,1-2-c,1,2,A,Jr,,8/7/23,1-2-c_08_07_2023_11_01_23.xlsx,c,6414.23077,
2023,RC Willin Farm,Pythium,,Maize,1-2-p,1,2,A,Jr,,8/7/23,1-2-p_08_07_2023_11_00_24.xlsx,p,2263.84615,
2023,RC Willin Farm,Pythium,,Maize,1-5-c,1,5,A,Jr,,8/7/23,1-5-c_08_07_2023_10_58_24.xlsx,c,6150.11539,
2023,RC Willin Farm,Pythium,,Maize,1-5-p,1,5,A,Jr,,8/7/23,1-5-p_08_07_2023_10_57_11.xlsx,p,5320.0385,
2023,RC Willin Farm,Pythium,,Maize,2-1-c,2,1,A,Jr,,8/7/23,2-1-c_08_07_2023_09_38_18.xlsx,c,6150.11539,
2023,RC Willin Farm,Pythium,,Maize,2-1-p,2,1,A,Jr,,8/7/23,2-1-p_08_07_2023_09_37_14.xlsx,p,1962,
2023,RC Willin Farm,Pythium,,Maize,2-2-c,2,2,A,Jr,,8/7/23,2-2-c_08_07_2023_09_24_41.xlsx,c,7583.88462,
2023,RC Willin Farm,Pythium,,Maize,2-2-p,2,2,A,Jr,,8/7/23,2-2-p_08_07_2023_09_22_59.xlsx,p,4339.03846,
2023,RC Willin Farm,Pythium,,Maize,2-3-c,2,3,A,Jr,,8/7/23,2-3-c_08_07_2023_09_32_04.xlsx,c,7923.46154,
2023,RC Willin Farm,Pythium,,Maize,2-3-p,2,3,A,Jr,,8/7/23,2-3-p_08_07_2023_09_30_23.xlsx,p,113.192308,
2023,RC Willin Farm,Pythium,,Maize,2-4-c,2,4,A,Jr,,8/7/23,2-4-c_08_07_2023_09_28_36.xlsx,c,7659.34615,
2023,RC Willin Farm,Pythium,,Maize,2-4-p,2,4,A,Jr,,8/7/23,2-4-p_08_07_2023_09_27_24.xlsx,p,37.730769,
2023,RC Willin Farm,Pythium,,Maize,2-5-c,2,5,A,Jr,,8/7/23,2-5-c_08_07_2023_09_34_37.xlsx,c,5923.73077,
2023,RC Willin Farm,Pythium,,Maize,2-5-p,2,5,A,Jr,,8/7/23,2-5-p_08_07_2023_09_33_21.xlsx,p,2980.73077,
2023,RC Willin Farm,Pythium,,Maize,3-1-c,3,1,A,Jr,,8/7/23,3-1-c_08_07_2023_10_09_50.xlsx,c,6678.34615,
2023,RC Willin Farm,Pythium,,Maize,3-1-p,3,1,A,Jr,,8/7/23,3-1-p_08_07_2023_10_08_28.xlsx,p,603.692308,
2023,RC Willin Farm,Pythium,,Maize,3-10-c,3,10,A,Jr,,8/7/23,3-10-c_08_07_2023_10_25_53.xlsx,c,6829.26923,
2023,RC Willin Farm,Pythium,,Maize,3-10-p,3,10,A,Jr,,8/7/23,3-10-p_08_07_2023_10_24_47.xlsx,p,1130,
2023,RC Willin Farm,Pythium,,Maize,3-2-c,3,2,A,Jr,,8/7/23,3-2-c_08_07_2023_10_06_41.xlsx,c,8678.07692,
2023,RC Willin Farm,Pythium,,Maize,3-2-p,3,2,A,Jr,,8/7/23,3-2-p_08_07_2023_10_05_30.xlsx,p,1660.15385,
2023,RC Willin Farm,Pythium,,Maize,3-3-c,3,3,A,Jr,,8/7/23,3-3-c_08_07_2023_10_12_23.xlsx,c,7244.30769,
2023,RC Willin Farm,Pythium,,Maize,3-3-p,3,3,A,Jr,,8/7/23,3-3-p_08_07_2023_10_11_20.xlsx,p,3924,
2023,RC Willin Farm,Pythium,,Maize,3-4-c,3,4,A,Jr,,8/7/23,3-4-c_08_07_2023_10_15_21.xlsx,c,6225.57692,
2023,RC Willin Farm,Pythium,,Maize,3-4-p,3,4,A,Jr,,8/7/23,3-4-p_08_07_2023_10_14_09.xlsx,p,1773.34615,
2023,RC Willin Farm,Pythium,,Maize,3-5-c,3,5,A,Jr,,8/7/23,3-5-c_08_07_2023_10_18_25.xlsx,c,6791.53846,
2023,RC Willin Farm,Pythium,,Maize,3-5-p,3,5,A,Jr,,8/7/23,3-5-p_08_07_2023_10_17_09.xlsx,p,3056.19231,
2023,RC Willin Farm,Pythium,,Maize,3-7-c,3,7,A,Jr,,8/7/23,3-7-c_08_07_2023_10_33_25.xlsx,c,5886,
2023,RC Willin Farm,Pythium,,Maize,3-7-p,3,7,A,Jr,,8/7/23,3-7-p_08_07_2023_10_32_01.xlsx,p,4716.34615,
2023,RC Willin Farm,Pythium,,Maize,3-8-c,3,8,A,Jr,,8/7/23,3-8-c_08_07_2023_10_23_03.xlsx,c,9244.03846,
2023,RC Willin Farm,Pythium,,Maize,3-8-p,3,8,A,Jr,,8/7/23,3-8-p_08_07_2023_10_21_40.xlsx,p,3890,
2023,RC Willin Farm,Pythium,,Maize,3-9-c,3,9,A,Jr,,8/7/23,3-9-c_08_07_2023_10_30_30.xlsx,c,6036.92308,
2023,RC Willin Farm,Pythium,,Maize,3-9-p,3,9,A,Jr,,8/7/23,3-9-p_08_07_2023_10_29_27.xlsx,p,5659.61538,
2023,RC Willin Farm,Pythium,,Maize,1-1-c,1,1,A,Jr,,8/21/23,1-1-c_08_21_2023_10_51_32.xlsx,c,6602.88462,
2023,RC Willin Farm,Pythium,,Maize,1-1-p,1,1,A,Jr,,8/21/23,1-1-p_08_21_2023_10_50_29.xlsx,p,4603.15385,
2023,RC Willin Farm,Pythium,,Maize,1-2-c,1,2,A,Jr,,8/21/23,1-2-c_08_21_2023_10_48_53.xlsx,c,5735.07692,
2023,RC Willin Farm,Pythium,,Maize,1-2-p,1,2,A,Jr,,8/21/23,1-2-p_08_21_2023_10_47_15.xlsx,p,1773.34615,
2023,RC Willin Farm,Pythium,,Maize,1-5-c,1,5,A,Jr,,8/21/23,1-5-c_08_21_2023_10_54_41.xlsx,c,5810.53846,
2023,RC Willin Farm,Pythium,,Maize,1-5-p,1,5,A,Jr,,8/21/23,1-5-p_08_21_2023_10_53_36.xlsx,p,5206.84615,
2023,RC Willin Farm,Pythium,,Maize,2-1-c,2,1,A,Jr,,8/21/23,2-1-c_08_21_2023_09_33_18.xlsx,c,4980.46154,
2023,RC Willin Farm,Pythium,,Maize,2-1-p,2,1,A,Jr,,8/21/23,2-1-p_08_21_2023_09_31_51.xlsx,p,1622.42308,
2023,RC Willin Farm,Pythium,,Maize,2-2-c,2,2,A,Jr,,8/21/23,2-2-c_08_21_2023_09_36_09.xlsx,c,7508.42308,
2023,RC Willin Farm,Pythium,,Maize,2-2-p,2,2,A,Jr,,8/21/23,2-2-p_08_21_2023_09_34_53.xlsx,p,4452.23077,
2023,RC Willin Farm,Pythium,,Maize,2-3-c,2,3,A,Jr,,8/21/23,2-3-c_08_21_2023_09_42_25.xlsx,c,8376.23077,
2023,RC Willin Farm,Pythium,,Maize,2-3-p,2,3,A,Jr,,8/21/23,2-3-p_08_21_2023_09_41_07.xlsx,p,75.4615385,
2023,RC Willin Farm,Pythium,,Maize,2-4-c,2,4,A,Jr,,8/21/23,2-4-c_08_21_2023_09_45_06.xlsx,c,8112.11539,
2023,RC Willin Farm,Pythium,,Maize,2-4-p,2,4,A,Jr,,8/21/23,2-4-p_08_21_2023_09_43_58.xlsx,p,113.192308,
2023,RC Willin Farm,Pythium,,Maize,2-5-c,2,5,A,Jr,,8/21/23,2-5-c_08_21_2023_09_39_41.xlsx,c,5659.61538,
2023,RC Willin Farm,Pythium,,Maize,2-5-p,2,5,A,Jr,,8/21/23,2-5-p_08_21_2023_09_38_32.xlsx,p,2339.30769,
2023,RC Willin Farm,Pythium,,Maize,3-1-c,3,1,A,Jr,,8/21/23,3-1-c_08_21_2023_10_10_53.xlsx,c,6867,
2023,RC Willin Farm,Pythium,,Maize,3-1-p,3,1,A,Jr,,8/21/23,3-1-p_08_21_2023_10_09_43.xlsx,p,716.884615,
2023,RC Willin Farm,Pythium,,Maize,3-10-c,3,10,A,Jr,,8/21/23,3-10-c_08_21_2023_10_24_51.xlsx,c,7319.76923,
2023,RC Willin Farm,Pythium,,Maize,3-10-p,3,10,A,Jr,,8/21/23,3-10-p_08_21_2023_10_23_36.xlsx,p,1245.11539,
2023,RC Willin Farm,Pythium,,Maize,3-2-c,3,2,A,Jr,,8/21/23,3-2-c_08_21_2023_10_04_19.xlsx,c,8904.46154,
2023,RC Willin Farm,Pythium,,Maize,3-2-p,3,2,A,Jr,,8/21/23,3-2-p_08_21_2023_10_03_11.xlsx,p,1920,
2023,RC Willin Farm,Pythium,,Maize,3-3-c,3,3,A,Jr,,8/21/23,3-3-c_08_21_2023_10_07_40.xlsx,c,6867,
2023,RC Willin Farm,Pythium,,Maize,3-3-p,3,3,A,Jr,,8/21/23,3-3-p_08_21_2023_10_06_30.xlsx,p,3886.26923,
2023,RC Willin Farm,Pythium,,Maize,3-4-c,3,4,A,Jr,,8/21/23,3-4-c_08_21_2023_09_58_08.xlsx,c,5923.73077,
2023,RC Willin Farm,Pythium,,Maize,3-4-p,3,4,A,Jr,,8/21/23,3-4-p_08_21_2023_09_56_52.xlsx,p,1358.30769,
2023,RC Willin Farm,Pythium,,Maize,3-5-c,3,5,A,Jr,,8/21/23,3-5-c_08_21_2023_10_01_13.xlsx,c,7810.26923,
2023,RC Willin Farm,Pythium,,Maize,3-5-p,3,5,A,Jr,,8/21/23,3-5-p_08_21_2023_09_59_42.xlsx,p,2754.34615,
2023,RC Willin Farm,Pythium,,Maize,3-7-c,3,7,A,Jr,,8/21/23,3-7-c_08_21_2023_10_14_32.xlsx,c,6301.03846,
2023,RC Willin Farm,Pythium,,Maize,3-7-p,3,7,A,Jr,,8/21/23,3-7-p_08_21_2023_10_13_15.xlsx,p,3773.07692,
2023,RC Willin Farm,Pythium,,Maize,3-8-c,3,8,A,Jr,,8/21/23,3-8-c_08_21_2023_10_18_14.xlsx,c,8564.88462,
2023,RC Willin Farm,Pythium,,Maize,3-8-p,3,8,A,Jr,,8/21/23,3-8-p_08_21_2023_10_17_00.xlsx,p,4037.19231,
2023,RC Willin Farm,Pythium,,Maize,3-9-c,3,9,A,Jr,,8/21/23,3-9-c_08_21_2023_10_21_48.xlsx,c,5735.07692,
2023,RC Willin Farm,Pythium,,Maize,3-9-p,3,9,A,Jr,,8/21/23,3-9-p_08_21_2023_10_20_34.xlsx,p,4980,
2023,RC Willin Farm,Pythium,,Maize,1-1-c,1,1,A,Jr,,8/28/23,1-1-c_08_28_2023_10_51_50.xlsx,c,5131.38462,
2023,RC Willin Farm,Pythium,,Maize,1-1-p,1,1,A,Jr,,8/28/23,1-1-p_08_28_2023_10_50_21.xlsx,p,4452.23077,
2023,RC Willin Farm,Pythium,,Maize,1-2-c,1,2,A,Jr,,8/28/23,1-2-c_08_28_2023_10_47_54.xlsx,c,7470.69231,
2023,RC Willin Farm,Pythium,,Maize,1-2-p,1,2,A,Jr,,8/28/23,1-2-p_08_28_2023_10_46_36.xlsx,p,1811.07692,
2023,RC Willin Farm,Pythium,,Maize,1-5-c,1,5,A,Jr,,8/28/23,1-5-c_08_28_2023_10_55_20.xlsx,c,6074.65385,
2023,RC Willin Farm,Pythium,,Maize,1-5-p,1,5,A,Jr,,8/28/23,1-5-p_08_28_2023_10_53_52.xlsx,p,4640.88462,
2023,RC Willin Farm,Pythium,,Maize,2-1-c,2,1,A,Jr,,8/28/23,2-1-c_08_28_2023_09_30_38.xlsx,c,5470.96154,
2023,RC Willin Farm,Pythium,,Maize,2-1-p,2,1,A,Jr,,8/28/23,2-1-p_08_28_2023_09_29_29.xlsx,p,1962,
2023,RC Willin Farm,Pythium,,Maize,2-2-c,2,2,A,Jr,,8/28/23,2-2-c_08_28_2023_09_16_55.xlsx,c,6565.15385,
2023,RC Willin Farm,Pythium,,Maize,2-2-p,2,2,A,Jr,,8/28/23,2-2-p_08_28_2023_09_15_25.xlsx,p,4112.65385,
2023,RC Willin Farm,Pythium,,Maize,2-3-c,2,3,A,Jr,,8/28/23,2-3-c_08_28_2023_09_24_57.xlsx,c,9017.65385,
2023,RC Willin Farm,Pythium,,Maize,2-3-p,2,3,A,Jr,,8/28/23,2-3-p_08_28_2023_09_23_37.xlsx,p,-75.461538,
2023,RC Willin Farm,Pythium,,Maize,2-4-c,2,4,A,Jr,,8/28/23,2-4-c_08_28_2023_09_19_48.xlsx,c,7017.92308,
2023,RC Willin Farm,Pythium,,Maize,2-4-p,2,4,A,Jr,,8/28/23,2-4-p_08_28_2023_09_18_30.xlsx,p,188.653846,
2023,RC Willin Farm,Pythium,,Maize,2-5-c,2,5,A,Jr,,8/28/23,2-5-c_08_28_2023_09_27_46.xlsx,c,5282.30769,
2023,RC Willin Farm,Pythium,,Maize,2-5-p,2,5,A,Jr,,8/28/23,2-5-p_08_28_2023_09_26_44.xlsx,p,2905.26923,
2023,RC Willin Farm,Pythium,,Maize,3-1-c,3,1,A,Jr,,8/28/23,3-1-c_08_28_2023_10_02_40.xlsx,c,7244.30769,
2023,RC Willin Farm,Pythium,,Maize,3-1-p,3,1,A,Jr,,8/28/23,3-1-p_08_28_2023_10_01_15.xlsx,p,716.884615,
2023,RC Willin Farm,Pythium,,Maize,3-10-c,3,10,A,Jr,,8/28/23,3-10-c_08_28_2023_10_25_11.xlsx,c,6225.57692,
2023,RC Willin Farm,Pythium,,Maize,3-10-p,3,10,A,Jr,,8/28/23,3-10-p_08_28_2023_10_23_42.xlsx,p,1471.5,
2023,RC Willin Farm,Pythium,,Maize,3-2-c,3,2,A,Jr,,8/28/23,3-2-c_08_28_2023_10_05_56.xlsx,c,9130.84615,
2023,RC Willin Farm,Pythium,,Maize,3-2-p,3,2,A,Jr,,8/28/23,3-2-p_08_28_2023_10_04_53.xlsx,p,1848.80769,
2023,RC Willin Farm,Pythium,,Maize,3-3-c,3,3,A,Jr,,8/28/23,3-3-c_08_28_2023_09_59_33.xlsx,c,6829.26923,
2023,RC Willin Farm,Pythium,,Maize,3-3-p,3,3,A,Jr,,8/28/23,3-3-p_08_28_2023_09_57_45.xlsx,p,3584.42308,
2023,RC Willin Farm,Pythium,,Maize,3-4-c,3,4,A,Jr,,8/28/23,3-4-c_08_28_2023_09_52_37.xlsx,c,6489.69231,
2023,RC Willin Farm,Pythium,,Maize,3-4-p,3,4,A,Jr,,8/28/23,3-4-p_08_28_2023_09_51_17.xlsx,p,905.538462,
2023,RC Willin Farm,Pythium,,Maize,3-5-c,3,5,A,Jr,,8/28/23,3-5-c_08_28_2023_09_55_39.xlsx,c,8489.42308,
2023,RC Willin Farm,Pythium,,Maize,3-5-p,3,5,A,Jr,,8/28/23,3-5-p_08_28_2023_09_54_27.xlsx,p,3735.34615,
2023,RC Willin Farm,Pythium,,Maize,3-7-c,3,7,A,Jr,,8/28/23,3-7-c_08_28_2023_10_11_42.xlsx,c,5923.73077,
2023,RC Willin Farm,Pythium,,Maize,3-7-p,3,7,A,Jr,,8/28/23,3-7-p_08_28_2023_10_10_22.xlsx,p,3546.69231,
2023,RC Willin Farm,Pythium,,Maize,3-8-c,3,8,A,Jr,,8/28/23,3-8-c_08_28_2023_10_15_13.xlsx,c,10149.5769,
2023,RC Willin Farm,Pythium,,Maize,3-8-p,3,8,A,Jr,,8/28/23,3-8-p_08_28_2023_10_14_05.xlsx,p,4225.84615,
2023,RC Willin Farm,Pythium,,Maize,3-9-c,3,9,A,Jr,,8/28/23,3-9-c_08_28_2023_10_21_49.xlsx,c,8112.11538,
2023,RC Willin Farm,Pythium,,Maize,3-9-p,3,9,A,Jr,,8/28/23,3-9-p_08_28_2023_10_19_29.xlsx,p,6225.57692,